T-statistic,P-value,Cohen's d
22.469137127804828,1.9970404851275805e-98,1.0048503602707195
